Frequency (MHz),Power (arbitrary units),Date and Time,Bin Size Info
1419.3817510000001,42.3332276580816,2024-12-19 17:09:08,Bin Size: 4000.0 Hz
1419.3857588277888,41.96735726189305,2024-12-19 17:09:08,Bin Size: 4000.0 Hz
1419.3897666555774,43.0250818009081,2024-12-19 17:09:08,Bin Size: 4000.0 Hz
1419.393774483366,42.688194209629536,2024-12-19 17:09:08,Bin Size: 4000.0 Hz
1419.3977823111547,40.31235241278525,2024-12-19 17:09:08,Bin Size: 4000.0 Hz
1419.4017901389434,39.80884635099396,2024-12-19 17:09:08,Bin Size: 4000.0 Hz
1419.405797966732,39.32252678302988,2024-12-19 17:09:08,Bin Size: 4000.0 Hz
1419.4098057945207,38.96936426238092,2024-12-19 17:09:08,Bin Size: 4000.0 Hz
1419.4138136223094,38.81079789631295,2024-12-19 17:09:08,Bin Size: 4000.0 Hz
1419.417821450098,38.57738190051974,2024-12-19 17:09:08,Bin Size: 4000.0 Hz
1419.4218292778867,38.485981039988054,2024-12-19 17:09:08,Bin Size: 4000.0 Hz
1419.4258371056753,38.334359725549184,2024-12-19 17:09:08,Bin Size: 4000.0 Hz
1419.429844933464,38.22939389926453,2024-12-19 17:09:08,Bin Size: 4000.0 Hz
1419.4338527612526,38.16965209963787,2024-12-19 17:09:08,Bin Size: 4000.0 Hz
1419.4378605890413,38.26168386893277,2024-12-19 17:09:08,Bin Size: 4000.0 Hz
1419.44186841683,38.43950337876369,2024-12-19 17:09:08,Bin Size: 4000.0 Hz
1419.4458762446186,38.72949725886666,2024-12-19 17:09:08,Bin Size: 4000.0 Hz
1419.4498840724073,39.04670338124349,2024-12-19 17:09:08,Bin Size: 4000.0 Hz
1419.453891900196,39.387854859373434,2024-12-19 17:09:08,Bin Size: 4000.0 Hz
1419.4578997279846,39.76075467356333,2024-12-19 17:09:08,Bin Size: 4000.0 Hz
1419.4619075557732,40.30331778660488,2024-12-19 17:09:08,Bin Size: 4000.0 Hz
1419.4659153835619,40.84938566476528,2024-12-19 17:09:08,Bin Size: 4000.0 Hz
1419.4699232113503,41.496938940579454,2024-12-19 17:09:08,Bin Size: 4000.0 Hz
1419.473931039139,42.03329283991667,2024-12-19 17:09:08,Bin Size: 4000.0 Hz
1419.4779388669276,42.65501964686845,2024-12-19 17:09:08,Bin Size: 4000.0 Hz
1419.4819466947163,43.407850012276946,2024-12-19 17:09:08,Bin Size: 4000.0 Hz
1419.485954522505,44.10754350987726,2024-12-19 17:09:08,Bin Size: 4000.0 Hz
1419.4899623502936,44.88214734200496,2024-12-19 17:09:08,Bin Size: 4000.0 Hz
1419.4939701780822,45.80600130714367,2024-12-19 17:09:08,Bin Size: 4000.0 Hz
1419.497978005871,46.532433897682324,2024-12-19 17:09:08,Bin Size: 4000.0 Hz
1419.5019858336595,47.50006027916731,2024-12-19 17:09:08,Bin Size: 4000.0 Hz
1419.5059936614482,48.4621524594684,2024-12-19 17:09:08,Bin Size: 4000.0 Hz
1419.5100014892369,49.25840207661052,2024-12-19 17:09:08,Bin Size: 4000.0 Hz
1419.5140093170255,50.13442267718277,2024-12-19 17:09:08,Bin Size: 4000.0 Hz
1419.5180171448142,51.117011178516854,2024-12-19 17:09:08,Bin Size: 4000.0 Hz
1419.5220249726028,52.03961478045364,2024-12-19 17:09:08,Bin Size: 4000.0 Hz
1419.5260328003915,53.036744505923025,2024-12-19 17:09:08,Bin Size: 4000.0 Hz
1419.5300406281801,53.901046363714215,2024-12-19 17:09:08,Bin Size: 4000.0 Hz
1419.5340484559688,54.76742540394025,2024-12-19 17:09:08,Bin Size: 4000.0 Hz
1419.5380562837574,55.96766269530077,2024-12-19 17:09:08,Bin Size: 4000.0 Hz
1419.542064111546,56.99428144265478,2024-12-19 17:09:08,Bin Size: 4000.0 Hz
1419.5460719393348,57.69209711505849,2024-12-19 17:09:08,Bin Size: 4000.0 Hz
1419.5500797671234,58.87065218513477,2024-12-19 17:09:08,Bin Size: 4000.0 Hz
1419.554087594912,59.983604143723966,2024-12-19 17:09:08,Bin Size: 4000.0 Hz
1419.5580954227007,60.64218409820471,2024-12-19 17:09:08,Bin Size: 4000.0 Hz
1419.5621032504894,61.6999169920196,2024-12-19 17:09:08,Bin Size: 4000.0 Hz
1419.566111078278,62.613913152141485,2024-12-19 17:09:08,Bin Size: 4000.0 Hz
1419.5701189060667,63.47813079630864,2024-12-19 17:09:08,Bin Size: 4000.0 Hz
1419.5741267338553,64.49583478509336,2024-12-19 17:09:08,Bin Size: 4000.0 Hz
1419.578134561644,65.52544570668083,2024-12-19 17:09:08,Bin Size: 4000.0 Hz
1419.5821423894326,66.55984568218729,2024-12-19 17:09:08,Bin Size: 4000.0 Hz
1419.5861502172213,67.33942244649725,2024-12-19 17:09:08,Bin Size: 4000.0 Hz
1419.59015804501,68.07540855505054,2024-12-19 17:09:08,Bin Size: 4000.0 Hz
1419.5941658727986,69.04894476805796,2024-12-19 17:09:08,Bin Size: 4000.0 Hz
1419.5981737005873,70.02178157665664,2024-12-19 17:09:08,Bin Size: 4000.0 Hz
1419.602181528376,70.9286411403291,2024-12-19 17:09:08,Bin Size: 4000.0 Hz
1419.6061893561646,71.81984640178143,2024-12-19 17:09:08,Bin Size: 4000.0 Hz
1419.6101971839532,72.69292107948984,2024-12-19 17:09:08,Bin Size: 4000.0 Hz
1419.614205011742,73.51622621663655,2024-12-19 17:09:08,Bin Size: 4000.0 Hz
1419.6182128395305,74.31002950900593,2024-12-19 17:09:08,Bin Size: 4000.0 Hz
1419.6222206673192,75.05976045612253,2024-12-19 17:09:08,Bin Size: 4000.0 Hz
1419.6262284951079,75.82264640367391,2024-12-19 17:09:08,Bin Size: 4000.0 Hz
1419.6302363228965,76.85508486487583,2024-12-19 17:09:08,Bin Size: 4000.0 Hz
1419.6342441506852,77.7330660890333,2024-12-19 17:09:08,Bin Size: 4000.0 Hz
1419.6382519784736,78.31703611176418,2024-12-19 17:09:08,Bin Size: 4000.0 Hz
1419.6422598062622,78.81298471646465,2024-12-19 17:09:08,Bin Size: 4000.0 Hz
1419.646267634051,79.63436415634627,2024-12-19 17:09:08,Bin Size: 4000.0 Hz
1419.6502754618396,80.5173303078505,2024-12-19 17:09:08,Bin Size: 4000.0 Hz
1419.6542832896282,81.08879587268655,2024-12-19 17:09:08,Bin Size: 4000.0 Hz
1419.6582911174169,81.46864739413598,2024-12-19 17:09:08,Bin Size: 4000.0 Hz
1419.6622989452055,82.06675958431018,2024-12-19 17:09:08,Bin Size: 4000.0 Hz
1419.6663067729942,82.91905132232266,2024-12-19 17:09:08,Bin Size: 4000.0 Hz
1419.6703146007828,83.45201858249978,2024-12-19 17:09:08,Bin Size: 4000.0 Hz
1419.6743224285715,83.86797151677486,2024-12-19 17:09:08,Bin Size: 4000.0 Hz
1419.6783302563601,84.66223807898534,2024-12-19 17:09:08,Bin Size: 4000.0 Hz
1419.6823380841488,85.11071696468713,2024-12-19 17:09:08,Bin Size: 4000.0 Hz
1419.6863459119375,85.41109427580271,2024-12-19 17:09:08,Bin Size: 4000.0 Hz
1419.690353739726,85.89438652184187,2024-12-19 17:09:08,Bin Size: 4000.0 Hz
1419.6943615675148,86.332270132904,2024-12-19 17:09:08,Bin Size: 4000.0 Hz
1419.6983693953034,86.75404378507075,2024-12-19 17:09:08,Bin Size: 4000.0 Hz
1419.702377223092,87.3779959589049,2024-12-19 17:09:08,Bin Size: 4000.0 Hz
1419.7063850508807,87.67464386866963,2024-12-19 17:09:08,Bin Size: 4000.0 Hz
1419.7103928786694,88.08603413698019,2024-12-19 17:09:08,Bin Size: 4000.0 Hz
1419.714400706458,88.36187821136733,2024-12-19 17:09:08,Bin Size: 4000.0 Hz
1419.7184085342467,88.37426407289882,2024-12-19 17:09:08,Bin Size: 4000.0 Hz
1419.7224163620353,88.60582530954403,2024-12-19 17:09:08,Bin Size: 4000.0 Hz
1419.726424189824,89.08238370712655,2024-12-19 17:09:08,Bin Size: 4000.0 Hz
1419.7304320176127,89.29424873284493,2024-12-19 17:09:08,Bin Size: 4000.0 Hz
1419.7344398454013,89.76213097269653,2024-12-19 17:09:08,Bin Size: 4000.0 Hz
1419.73844767319,89.9748497349014,2024-12-19 17:09:08,Bin Size: 4000.0 Hz
1419.7424555009786,90.19382350100754,2024-12-19 17:09:08,Bin Size: 4000.0 Hz
1419.7464633287673,90.17461568172797,2024-12-19 17:09:08,Bin Size: 4000.0 Hz
1419.750471156556,90.43754582619,2024-12-19 17:09:08,Bin Size: 4000.0 Hz
1419.7544789843446,90.72114515024671,2024-12-19 17:09:08,Bin Size: 4000.0 Hz
1419.7584868121332,90.90699527065821,2024-12-19 17:09:08,Bin Size: 4000.0 Hz
1419.762494639922,90.71865518185032,2024-12-19 17:09:08,Bin Size: 4000.0 Hz
1419.7665024677106,90.78954085847695,2024-12-19 17:09:08,Bin Size: 4000.0 Hz
1419.7705102954992,90.88322129838811,2024-12-19 17:09:08,Bin Size: 4000.0 Hz
1419.7745181232879,90.89663277824313,2024-12-19 17:09:08,Bin Size: 4000.0 Hz
1419.7785259510765,91.18481890164801,2024-12-19 17:09:08,Bin Size: 4000.0 Hz
1419.7825337788652,90.88133002390876,2024-12-19 17:09:08,Bin Size: 4000.0 Hz
1419.7865416066538,90.98822895244098,2024-12-19 17:09:08,Bin Size: 4000.0 Hz
1419.7905494344425,91.2813923201875,2024-12-19 17:09:08,Bin Size: 4000.0 Hz
1419.7945572622311,91.26212143796823,2024-12-19 17:09:08,Bin Size: 4000.0 Hz
1419.7985650900198,91.0232198250021,2024-12-19 17:09:08,Bin Size: 4000.0 Hz
1419.8025729178084,91.093028811053,2024-12-19 17:09:08,Bin Size: 4000.0 Hz
1419.806580745597,90.7063780189871,2024-12-19 17:09:08,Bin Size: 4000.0 Hz
1419.8105885733855,90.45695810789506,2024-12-19 17:09:08,Bin Size: 4000.0 Hz
1419.8145964011742,90.59116877717813,2024-12-19 17:09:08,Bin Size: 4000.0 Hz
1419.8186042289628,90.47828678718159,2024-12-19 17:09:08,Bin Size: 4000.0 Hz
1419.8226120567515,90.47087618362015,2024-12-19 17:09:08,Bin Size: 4000.0 Hz
1419.8266198845402,90.24383457755,2024-12-19 17:09:08,Bin Size: 4000.0 Hz
1419.8306277123288,90.11892658895364,2024-12-19 17:09:08,Bin Size: 4000.0 Hz
1419.8346355401175,90.0588736614152,2024-12-19 17:09:08,Bin Size: 4000.0 Hz
1419.8386433679061,89.96550898154835,2024-12-19 17:09:08,Bin Size: 4000.0 Hz
1419.8426511956948,89.5947806251144,2024-12-19 17:09:08,Bin Size: 4000.0 Hz
1419.8466590234834,89.37741055453286,2024-12-19 17:09:08,Bin Size: 4000.0 Hz
1419.850666851272,89.27214983121034,2024-12-19 17:09:08,Bin Size: 4000.0 Hz
1419.8546746790607,89.24425863354709,2024-12-19 17:09:08,Bin Size: 4000.0 Hz
1419.8586825068494,89.05894622437631,2024-12-19 17:09:08,Bin Size: 4000.0 Hz
1419.862690334638,89.08700779713708,2024-12-19 17:09:08,Bin Size: 4000.0 Hz
1419.8666981624267,88.64191847632132,2024-12-19 17:09:08,Bin Size: 4000.0 Hz
1419.8707059902154,88.55285050928428,2024-12-19 17:09:08,Bin Size: 4000.0 Hz
1419.874713818004,88.42696055075511,2024-12-19 17:09:08,Bin Size: 4000.0 Hz
1419.8787216457927,88.16405641089962,2024-12-19 17:09:08,Bin Size: 4000.0 Hz
1419.8827294735813,88.27624479155155,2024-12-19 17:09:08,Bin Size: 4000.0 Hz
1419.88673730137,87.88712256841987,2024-12-19 17:09:08,Bin Size: 4000.0 Hz
1419.8907451291586,87.40902644170491,2024-12-19 17:09:08,Bin Size: 4000.0 Hz
1419.8947529569473,87.3747540745163,2024-12-19 17:09:08,Bin Size: 4000.0 Hz
1419.898760784736,86.6755477793487,2024-12-19 17:09:08,Bin Size: 4000.0 Hz
1419.9027686125246,86.49668922120541,2024-12-19 17:09:08,Bin Size: 4000.0 Hz
1419.9067764403133,86.41531469824758,2024-12-19 17:09:08,Bin Size: 4000.0 Hz
1419.910784268102,86.02285957544998,2024-12-19 17:09:08,Bin Size: 4000.0 Hz
1419.9147920958906,85.840638356891,2024-12-19 17:09:08,Bin Size: 4000.0 Hz
1419.9187999236792,85.7845448249521,2024-12-19 17:09:08,Bin Size: 4000.0 Hz
1419.9228077514679,85.50677772926572,2024-12-19 17:09:08,Bin Size: 4000.0 Hz
1419.9268155792565,85.23782142774607,2024-12-19 17:09:08,Bin Size: 4000.0 Hz
1419.9308234070452,85.2620760559544,2024-12-19 17:09:08,Bin Size: 4000.0 Hz
1419.9348312348338,84.77669240185149,2024-12-19 17:09:08,Bin Size: 4000.0 Hz
1419.9388390626225,84.94181110016446,2024-12-19 17:09:08,Bin Size: 4000.0 Hz
1419.9428468904111,84.55675892196724,2024-12-19 17:09:08,Bin Size: 4000.0 Hz
1419.9468547181998,84.4519683281044,2024-12-19 17:09:08,Bin Size: 4000.0 Hz
1419.9508625459885,83.9672115322973,2024-12-19 17:09:08,Bin Size: 4000.0 Hz
1419.954870373777,83.71363757896678,2024-12-19 17:09:08,Bin Size: 4000.0 Hz
1419.9588782015658,83.61708194434243,2024-12-19 17:09:08,Bin Size: 4000.0 Hz
1419.9628860293544,83.5084451221645,2024-12-19 17:09:08,Bin Size: 4000.0 Hz
1419.966893857143,83.25623800756333,2024-12-19 17:09:08,Bin Size: 4000.0 Hz
1419.9709016849317,82.80881436793503,2024-12-19 17:09:08,Bin Size: 4000.0 Hz
1419.9749095127204,83.12900830619391,2024-12-19 17:09:08,Bin Size: 4000.0 Hz
1419.978917340509,84.81822037599393,2024-12-19 17:09:08,Bin Size: 4000.0 Hz
1419.9829251682975,97.67582340251508,2024-12-19 17:09:08,Bin Size: 4000.0 Hz
1419.9869329960861,90.08798381840504,2024-12-19 17:09:08,Bin Size: 4000.0 Hz
1419.9909408238748,82.22878458463545,2024-12-19 17:09:08,Bin Size: 4000.0 Hz
1419.9949486516634,82.31762211760113,2024-12-19 17:09:08,Bin Size: 4000.0 Hz
1419.998956479452,82.2972967529179,2024-12-19 17:09:08,Bin Size: 4000.0 Hz
1420.0029643072407,82.07659662858836,2024-12-19 17:09:08,Bin Size: 4000.0 Hz
1420.0069721350294,81.79801984848277,2024-12-19 17:09:08,Bin Size: 4000.0 Hz
1420.010979962818,81.48510127908467,2024-12-19 17:09:08,Bin Size: 4000.0 Hz
1420.0149877906067,81.3854994697581,2024-12-19 17:09:08,Bin Size: 4000.0 Hz
1420.0189956183954,81.42886426289456,2024-12-19 17:09:08,Bin Size: 4000.0 Hz
1420.023003446184,81.29959141886589,2024-12-19 17:09:08,Bin Size: 4000.0 Hz
1420.0270112739727,81.27163115566667,2024-12-19 17:09:08,Bin Size: 4000.0 Hz
1420.0310191017613,81.45904451509618,2024-12-19 17:09:08,Bin Size: 4000.0 Hz
1420.03502692955,81.4478873437097,2024-12-19 17:09:08,Bin Size: 4000.0 Hz
1420.0390347573386,81.48387258927458,2024-12-19 17:09:08,Bin Size: 4000.0 Hz
1420.0430425851273,81.60508975830724,2024-12-19 17:09:08,Bin Size: 4000.0 Hz
1420.047050412916,81.54056166676622,2024-12-19 17:09:08,Bin Size: 4000.0 Hz
1420.0510582407046,81.25075738234389,2024-12-19 17:09:08,Bin Size: 4000.0 Hz
1420.0550660684933,81.30447959226761,2024-12-19 17:09:08,Bin Size: 4000.0 Hz
1420.059073896282,81.25431400597292,2024-12-19 17:09:08,Bin Size: 4000.0 Hz
1420.0630817240706,81.26505521551024,2024-12-19 17:09:08,Bin Size: 4000.0 Hz
1420.0670895518592,81.27933836412839,2024-12-19 17:09:08,Bin Size: 4000.0 Hz
1420.0710973796479,80.98313007423201,2024-12-19 17:09:08,Bin Size: 4000.0 Hz
1420.0751052074365,81.15037192189257,2024-12-19 17:09:08,Bin Size: 4000.0 Hz
1420.0791130352252,81.50569325721555,2024-12-19 17:09:08,Bin Size: 4000.0 Hz
1420.0831208630138,81.64970817895649,2024-12-19 17:09:08,Bin Size: 4000.0 Hz
1420.0871286908025,81.692980371505,2024-12-19 17:09:08,Bin Size: 4000.0 Hz
1420.0911365185912,81.89826612294267,2024-12-19 17:09:08,Bin Size: 4000.0 Hz
1420.0951443463798,82.20379833283931,2024-12-19 17:09:08,Bin Size: 4000.0 Hz
1420.0991521741685,82.18830036821441,2024-12-19 17:09:08,Bin Size: 4000.0 Hz
1420.1031600019571,82.30315814452585,2024-12-19 17:09:08,Bin Size: 4000.0 Hz
1420.1071678297458,82.50547535206417,2024-12-19 17:09:08,Bin Size: 4000.0 Hz
1420.1111756575344,82.79239532277433,2024-12-19 17:09:08,Bin Size: 4000.0 Hz
1420.115183485323,82.86831507357482,2024-12-19 17:09:08,Bin Size: 4000.0 Hz
1420.1191913131117,83.24796638623158,2024-12-19 17:09:08,Bin Size: 4000.0 Hz
1420.1231991409004,83.96066079040344,2024-12-19 17:09:08,Bin Size: 4000.0 Hz
1420.127206968689,84.27887751895773,2024-12-19 17:09:08,Bin Size: 4000.0 Hz
1420.1312147964777,84.2463795963847,2024-12-19 17:09:08,Bin Size: 4000.0 Hz
1420.1352226242664,84.53770537377662,2024-12-19 17:09:08,Bin Size: 4000.0 Hz
1420.139230452055,84.64677157723987,2024-12-19 17:09:08,Bin Size: 4000.0 Hz
1420.1432382798437,84.9380437529532,2024-12-19 17:09:08,Bin Size: 4000.0 Hz
1420.1472461076323,85.5893391044355,2024-12-19 17:09:08,Bin Size: 4000.0 Hz
1420.1512539354208,86.72265756448559,2024-12-19 17:09:08,Bin Size: 4000.0 Hz
1420.1552617632094,86.05321426093931,2024-12-19 17:09:08,Bin Size: 4000.0 Hz
1420.159269590998,85.86024634179459,2024-12-19 17:09:08,Bin Size: 4000.0 Hz
1420.1632774187867,86.29614224640457,2024-12-19 17:09:08,Bin Size: 4000.0 Hz
1420.1672852465754,86.60254935832532,2024-12-19 17:09:08,Bin Size: 4000.0 Hz
1420.171293074364,86.89552446620372,2024-12-19 17:09:08,Bin Size: 4000.0 Hz
1420.1753009021527,87.14730346182908,2024-12-19 17:09:08,Bin Size: 4000.0 Hz
1420.1793087299413,87.11352484711966,2024-12-19 17:09:08,Bin Size: 4000.0 Hz
1420.18331655773,87.58479300378188,2024-12-19 17:09:08,Bin Size: 4000.0 Hz
1420.1873243855187,87.87809305385623,2024-12-19 17:09:08,Bin Size: 4000.0 Hz
1420.1913322133073,88.04416647319461,2024-12-19 17:09:08,Bin Size: 4000.0 Hz
1420.195340041096,88.57460739059914,2024-12-19 17:09:08,Bin Size: 4000.0 Hz
1420.1993478688846,89.01327853625232,2024-12-19 17:09:08,Bin Size: 4000.0 Hz
1420.2033556966733,89.12385282953102,2024-12-19 17:09:08,Bin Size: 4000.0 Hz
1420.207363524462,89.11618684886825,2024-12-19 17:09:08,Bin Size: 4000.0 Hz
1420.2113713522506,89.39232321802666,2024-12-19 17:09:08,Bin Size: 4000.0 Hz
1420.2153791800392,89.8684403004023,2024-12-19 17:09:08,Bin Size: 4000.0 Hz
1420.219387007828,90.09515004425768,2024-12-19 17:09:08,Bin Size: 4000.0 Hz
1420.2233948356165,90.073147844367,2024-12-19 17:09:08,Bin Size: 4000.0 Hz
1420.2274026634052,90.65513268733072,2024-12-19 17:09:08,Bin Size: 4000.0 Hz
1420.2314104911939,91.13391448247441,2024-12-19 17:09:08,Bin Size: 4000.0 Hz
1420.2354183189825,91.13383220917882,2024-12-19 17:09:08,Bin Size: 4000.0 Hz
1420.2394261467712,91.54179875731703,2024-12-19 17:09:08,Bin Size: 4000.0 Hz
1420.2434339745598,91.73798539399024,2024-12-19 17:09:08,Bin Size: 4000.0 Hz
1420.2474418023485,92.30768402056947,2024-12-19 17:09:08,Bin Size: 4000.0 Hz
1420.2514496301371,92.85479505895182,2024-12-19 17:09:08,Bin Size: 4000.0 Hz
1420.2554574579258,92.9623584669992,2024-12-19 17:09:08,Bin Size: 4000.0 Hz
1420.2594652857144,93.2670767610825,2024-12-19 17:09:08,Bin Size: 4000.0 Hz
1420.263473113503,93.56839783836057,2024-12-19 17:09:08,Bin Size: 4000.0 Hz
1420.2674809412918,94.19977447053778,2024-12-19 17:09:08,Bin Size: 4000.0 Hz
1420.2714887690804,94.52594989289041,2024-12-19 17:09:08,Bin Size: 4000.0 Hz
1420.275496596869,94.94603405891976,2024-12-19 17:09:08,Bin Size: 4000.0 Hz
1420.2795044246577,95.4012279994767,2024-12-19 17:09:08,Bin Size: 4000.0 Hz
1420.2835122524464,95.66155856883802,2024-12-19 17:09:08,Bin Size: 4000.0 Hz
1420.287520080235,96.14796738154723,2024-12-19 17:09:08,Bin Size: 4000.0 Hz
1420.2915279080237,96.60407629840381,2024-12-19 17:09:08,Bin Size: 4000.0 Hz
1420.2955357358123,97.13898935456994,2024-12-19 17:09:08,Bin Size: 4000.0 Hz
1420.299543563601,97.67782297238473,2024-12-19 17:09:08,Bin Size: 4000.0 Hz
1420.3035513913896,98.05099747577964,2024-12-19 17:09:08,Bin Size: 4000.0 Hz
1420.3075592191783,98.37397568844172,2024-12-19 17:09:08,Bin Size: 4000.0 Hz
1420.311567046967,98.96644875677906,2024-12-19 17:09:08,Bin Size: 4000.0 Hz
1420.3155748747556,99.62228259967493,2024-12-19 17:09:08,Bin Size: 4000.0 Hz
1420.3195827025443,99.98415968775771,2024-12-19 17:09:08,Bin Size: 4000.0 Hz
1420.3235905303327,100.06175597448461,2024-12-19 17:09:08,Bin Size: 4000.0 Hz
1420.3275983581213,100.67720039380991,2024-12-19 17:09:08,Bin Size: 4000.0 Hz
1420.33160618591,101.14116939832678,2024-12-19 17:09:08,Bin Size: 4000.0 Hz
1420.3356140136987,101.23554974022386,2024-12-19 17:09:08,Bin Size: 4000.0 Hz
1420.3396218414873,101.50036019349152,2024-12-19 17:09:08,Bin Size: 4000.0 Hz
1420.343629669276,101.9446113546523,2024-12-19 17:09:08,Bin Size: 4000.0 Hz
1420.3476374970646,102.15214953569863,2024-12-19 17:09:08,Bin Size: 4000.0 Hz
1420.3516453248533,102.07739032784332,2024-12-19 17:09:08,Bin Size: 4000.0 Hz
1420.355653152642,102.33350593478494,2024-12-19 17:09:08,Bin Size: 4000.0 Hz
1420.3596609804306,102.65672972915975,2024-12-19 17:09:08,Bin Size: 4000.0 Hz
1420.3636688082192,102.80139643264742,2024-12-19 17:09:08,Bin Size: 4000.0 Hz
1420.367676636008,103.04348031460354,2024-12-19 17:09:08,Bin Size: 4000.0 Hz
1420.3716844637966,103.84696681504637,2024-12-19 17:09:08,Bin Size: 4000.0 Hz
1420.3756922915852,104.08267036230163,2024-12-19 17:09:08,Bin Size: 4000.0 Hz
1420.3797001193739,104.66796267941459,2024-12-19 17:09:08,Bin Size: 4000.0 Hz
1420.3837079471625,105.63364096666552,2024-12-19 17:09:08,Bin Size: 4000.0 Hz
1420.3877157749512,106.181621844566,2024-12-19 17:09:08,Bin Size: 4000.0 Hz
1420.3917236027398,106.49830214659498,2024-12-19 17:09:08,Bin Size: 4000.0 Hz
1420.3957314305285,107.07654715778769,2024-12-19 17:09:08,Bin Size: 4000.0 Hz
1420.3997392583171,107.82481726098293,2024-12-19 17:09:08,Bin Size: 4000.0 Hz
1420.4037470861058,108.88984983499734,2024-12-19 17:09:08,Bin Size: 4000.0 Hz
1420.4077549138945,109.4103707648684,2024-12-19 17:09:08,Bin Size: 4000.0 Hz
1420.411762741683,110.18131123214064,2024-12-19 17:09:08,Bin Size: 4000.0 Hz
1420.4157705694718,110.93822235272889,2024-12-19 17:09:08,Bin Size: 4000.0 Hz
1420.4197783972604,111.65446292337188,2024-12-19 17:09:08,Bin Size: 4000.0 Hz
1420.423786225049,112.444390868222,2024-12-19 17:09:08,Bin Size: 4000.0 Hz
1420.4277940528377,113.02378211952119,2024-12-19 17:09:08,Bin Size: 4000.0 Hz
1420.4318018806264,113.29131774245003,2024-12-19 17:09:08,Bin Size: 4000.0 Hz
1420.435809708415,112.98418671581398,2024-12-19 17:09:08,Bin Size: 4000.0 Hz
1420.4398175362037,112.78575116724555,2024-12-19 17:09:08,Bin Size: 4000.0 Hz
1420.4438253639923,112.24589149507611,2024-12-19 17:09:08,Bin Size: 4000.0 Hz
1420.447833191781,111.63714737993114,2024-12-19 17:09:08,Bin Size: 4000.0 Hz
1420.4518410195697,110.43491451255589,2024-12-19 17:09:08,Bin Size: 4000.0 Hz
1420.4558488473583,109.23201437280075,2024-12-19 17:09:08,Bin Size: 4000.0 Hz
1420.459856675147,107.85612421326334,2024-12-19 17:09:08,Bin Size: 4000.0 Hz
1420.4638645029356,106.74434883310374,2024-12-19 17:09:08,Bin Size: 4000.0 Hz
1420.4678723307243,105.61610732838098,2024-12-19 17:09:08,Bin Size: 4000.0 Hz
1420.471880158513,104.32985614096997,2024-12-19 17:09:08,Bin Size: 4000.0 Hz
1420.4758879863016,102.42692207060938,2024-12-19 17:09:08,Bin Size: 4000.0 Hz
1420.4798958140902,100.66268439492374,2024-12-19 17:09:08,Bin Size: 4000.0 Hz
1420.483903641879,99.46914883673848,2024-12-19 17:09:08,Bin Size: 4000.0 Hz
1420.4879114696676,97.82676478632186,2024-12-19 17:09:08,Bin Size: 4000.0 Hz
1420.491919297456,96.39166804596499,2024-12-19 17:09:08,Bin Size: 4000.0 Hz
1420.4959271252446,95.05856476561328,2024-12-19 17:09:08,Bin Size: 4000.0 Hz
1420.4999349530333,93.62995280887195,2024-12-19 17:09:08,Bin Size: 4000.0 Hz
1420.503942780822,92.40775685415308,2024-12-19 17:09:08,Bin Size: 4000.0 Hz
1420.5079506086106,91.60871010255187,2024-12-19 17:09:08,Bin Size: 4000.0 Hz
1420.5119584363993,90.79468464153884,2024-12-19 17:09:08,Bin Size: 4000.0 Hz
1420.515966264188,90.08669443742936,2024-12-19 17:09:08,Bin Size: 4000.0 Hz
1420.5199740919766,89.72347446122626,2024-12-19 17:09:08,Bin Size: 4000.0 Hz
1420.5239819197652,88.84015834303328,2024-12-19 17:09:08,Bin Size: 4000.0 Hz
1420.5279897475539,88.01639793911771,2024-12-19 17:09:08,Bin Size: 4000.0 Hz
1420.5319975753425,87.90493982645815,2024-12-19 17:09:08,Bin Size: 4000.0 Hz
1420.5360054031312,87.4679213399603,2024-12-19 17:09:08,Bin Size: 4000.0 Hz
1420.5400132309198,86.88909338469807,2024-12-19 17:09:08,Bin Size: 4000.0 Hz
1420.5440210587085,86.55251943334416,2024-12-19 17:09:08,Bin Size: 4000.0 Hz
1420.5480288864971,86.2356747976713,2024-12-19 17:09:08,Bin Size: 4000.0 Hz
1420.5520367142858,85.89972796929484,2024-12-19 17:09:08,Bin Size: 4000.0 Hz
1420.5560445420745,85.83597213023819,2024-12-19 17:09:08,Bin Size: 4000.0 Hz
1420.5600523698631,85.4659579168087,2024-12-19 17:09:08,Bin Size: 4000.0 Hz
1420.5640601976518,85.20995215535491,2024-12-19 17:09:08,Bin Size: 4000.0 Hz
1420.5680680254404,85.0560460901429,2024-12-19 17:09:08,Bin Size: 4000.0 Hz
1420.572075853229,84.89577745082427,2024-12-19 17:09:08,Bin Size: 4000.0 Hz
1420.5760836810177,84.64482794985162,2024-12-19 17:09:08,Bin Size: 4000.0 Hz
1420.5800915088064,84.2466969172305,2024-12-19 17:09:08,Bin Size: 4000.0 Hz
1420.584099336595,84.19182033191261,2024-12-19 17:09:08,Bin Size: 4000.0 Hz
1420.5881071643837,84.08066911945787,2024-12-19 17:09:08,Bin Size: 4000.0 Hz
1420.5921149921724,83.69994898845941,2024-12-19 17:09:08,Bin Size: 4000.0 Hz
1420.596122819961,83.83110884686906,2024-12-19 17:09:08,Bin Size: 4000.0 Hz
1420.6001306477497,83.82209745970893,2024-12-19 17:09:08,Bin Size: 4000.0 Hz
1420.6041384755383,83.44689328057062,2024-12-19 17:09:08,Bin Size: 4000.0 Hz
1420.608146303327,83.36179803371162,2024-12-19 17:09:08,Bin Size: 4000.0 Hz
1420.6121541311156,82.99565343794133,2024-12-19 17:09:08,Bin Size: 4000.0 Hz
1420.6161619589043,82.80243379330471,2024-12-19 17:09:08,Bin Size: 4000.0 Hz
1420.620169786693,82.23825300532111,2024-12-19 17:09:08,Bin Size: 4000.0 Hz
1420.6241776144816,82.28765777449425,2024-12-19 17:09:08,Bin Size: 4000.0 Hz
1420.6281854422703,82.30464883172264,2024-12-19 17:09:08,Bin Size: 4000.0 Hz
1420.632193270059,82.06079830691588,2024-12-19 17:09:08,Bin Size: 4000.0 Hz
1420.6362010978476,81.90560786681985,2024-12-19 17:09:08,Bin Size: 4000.0 Hz
1420.6402089256362,81.72539469395751,2024-12-19 17:09:08,Bin Size: 4000.0 Hz
1420.6442167534249,81.61899695836422,2024-12-19 17:09:08,Bin Size: 4000.0 Hz
1420.6482245812135,81.64371058262884,2024-12-19 17:09:08,Bin Size: 4000.0 Hz
1420.6522324090022,81.3761401765773,2024-12-19 17:09:08,Bin Size: 4000.0 Hz
1420.6562402367908,81.39955555238527,2024-12-19 17:09:08,Bin Size: 4000.0 Hz
1420.6602480645795,81.71102789254422,2024-12-19 17:09:08,Bin Size: 4000.0 Hz
1420.664255892368,82.60299094925301,2024-12-19 17:09:08,Bin Size: 4000.0 Hz
1420.6682637201566,81.38570113990615,2024-12-19 17:09:08,Bin Size: 4000.0 Hz
1420.6722715479452,80.79826235641787,2024-12-19 17:09:08,Bin Size: 4000.0 Hz
1420.6762793757339,81.13159443687088,2024-12-19 17:09:08,Bin Size: 4000.0 Hz
1420.6802872035225,81.01350920310097,2024-12-19 17:09:08,Bin Size: 4000.0 Hz
1420.6842950313112,80.79515831928865,2024-12-19 17:09:08,Bin Size: 4000.0 Hz
1420.6883028590998,80.89959784353401,2024-12-19 17:09:08,Bin Size: 4000.0 Hz
1420.6923106868885,80.63458888602544,2024-12-19 17:09:08,Bin Size: 4000.0 Hz
1420.6963185146772,80.31064271989686,2024-12-19 17:09:08,Bin Size: 4000.0 Hz
1420.7003263424658,80.28554751979645,2024-12-19 17:09:08,Bin Size: 4000.0 Hz
1420.7043341702545,80.51972559776283,2024-12-19 17:09:08,Bin Size: 4000.0 Hz
1420.7083419980431,80.21966514941599,2024-12-19 17:09:08,Bin Size: 4000.0 Hz
1420.7123498258318,80.41314682674198,2024-12-19 17:09:08,Bin Size: 4000.0 Hz
1420.7163576536204,80.3964987318589,2024-12-19 17:09:08,Bin Size: 4000.0 Hz
1420.720365481409,80.30049887799221,2024-12-19 17:09:08,Bin Size: 4000.0 Hz
1420.7243733091977,79.96701681890943,2024-12-19 17:09:08,Bin Size: 4000.0 Hz
1420.7283811369864,80.19258794455997,2024-12-19 17:09:08,Bin Size: 4000.0 Hz
1420.732388964775,79.94677467532871,2024-12-19 17:09:08,Bin Size: 4000.0 Hz
1420.7363967925637,79.94077971278598,2024-12-19 17:09:08,Bin Size: 4000.0 Hz
1420.7404046203524,79.89291013392125,2024-12-19 17:09:08,Bin Size: 4000.0 Hz
1420.744412448141,79.94261207752113,2024-12-19 17:09:08,Bin Size: 4000.0 Hz
1420.7484202759297,79.67049727985632,2024-12-19 17:09:08,Bin Size: 4000.0 Hz
1420.7524281037183,79.56732561618661,2024-12-19 17:09:08,Bin Size: 4000.0 Hz
1420.756435931507,79.48059938095672,2024-12-19 17:09:08,Bin Size: 4000.0 Hz
1420.7604437592956,79.7579637539693,2024-12-19 17:09:08,Bin Size: 4000.0 Hz
1420.7644515870843,79.43396530919911,2024-12-19 17:09:08,Bin Size: 4000.0 Hz
1420.768459414873,79.16100491510706,2024-12-19 17:09:08,Bin Size: 4000.0 Hz
1420.7724672426616,79.17719318796415,2024-12-19 17:09:08,Bin Size: 4000.0 Hz
1420.7764750704503,79.1904151196919,2024-12-19 17:09:08,Bin Size: 4000.0 Hz
1420.780482898239,79.55845355435163,2024-12-19 17:09:08,Bin Size: 4000.0 Hz
1420.7844907260276,79.6167744105159,2024-12-19 17:09:08,Bin Size: 4000.0 Hz
1420.7884985538162,79.58154459815944,2024-12-19 17:09:08,Bin Size: 4000.0 Hz
1420.7925063816049,79.42969951387799,2024-12-19 17:09:08,Bin Size: 4000.0 Hz
1420.7965142093935,79.55734903708844,2024-12-19 17:09:08,Bin Size: 4000.0 Hz
1420.8005220371822,79.85099887713139,2024-12-19 17:09:08,Bin Size: 4000.0 Hz
1420.8045298649708,79.80413196589306,2024-12-19 17:09:08,Bin Size: 4000.0 Hz
1420.8085376927595,79.59635405048036,2024-12-19 17:09:08,Bin Size: 4000.0 Hz
1420.8125455205482,79.68594805060867,2024-12-19 17:09:08,Bin Size: 4000.0 Hz
1420.8165533483368,79.87688377302813,2024-12-19 17:09:08,Bin Size: 4000.0 Hz
1420.8205611761255,80.02732420277141,2024-12-19 17:09:08,Bin Size: 4000.0 Hz
1420.8245690039141,80.17933252299412,2024-12-19 17:09:08,Bin Size: 4000.0 Hz
1420.8285768317028,80.26800720626127,2024-12-19 17:09:08,Bin Size: 4000.0 Hz
1420.8325846594912,80.2288086621754,2024-12-19 17:09:08,Bin Size: 4000.0 Hz
1420.8365924872799,80.39264519656629,2024-12-19 17:09:08,Bin Size: 4000.0 Hz
1420.8406003150685,80.37588728177231,2024-12-19 17:09:08,Bin Size: 4000.0 Hz
1420.8446081428572,80.43555985704107,2024-12-19 17:09:08,Bin Size: 4000.0 Hz
1420.8486159706458,81.01220385133769,2024-12-19 17:09:08,Bin Size: 4000.0 Hz
1420.8526237984345,80.93954620715873,2024-12-19 17:09:08,Bin Size: 4000.0 Hz
1420.8566316262231,81.04093885225045,2024-12-19 17:09:08,Bin Size: 4000.0 Hz
1420.8606394540118,81.347284804431,2024-12-19 17:09:08,Bin Size: 4000.0 Hz
1420.8646472818004,81.3972858465019,2024-12-19 17:09:08,Bin Size: 4000.0 Hz
1420.868655109589,81.65934975548346,2024-12-19 17:09:08,Bin Size: 4000.0 Hz
1420.8726629373778,81.95525385216999,2024-12-19 17:09:08,Bin Size: 4000.0 Hz
1420.8766707651664,82.6359516296607,2024-12-19 17:09:08,Bin Size: 4000.0 Hz
1420.880678592955,82.67065356510942,2024-12-19 17:09:08,Bin Size: 4000.0 Hz
1420.8846864207437,82.65632809513937,2024-12-19 17:09:08,Bin Size: 4000.0 Hz
1420.8886942485324,82.6166457880848,2024-12-19 17:09:08,Bin Size: 4000.0 Hz
1420.892702076321,83.03700235955687,2024-12-19 17:09:08,Bin Size: 4000.0 Hz
1420.8967099041097,83.34791921439673,2024-12-19 17:09:08,Bin Size: 4000.0 Hz
1420.9007177318983,83.38515065737019,2024-12-19 17:09:08,Bin Size: 4000.0 Hz
1420.904725559687,83.58544605351948,2024-12-19 17:09:08,Bin Size: 4000.0 Hz
1420.9087333874756,84.08272542238853,2024-12-19 17:09:08,Bin Size: 4000.0 Hz
1420.9127412152643,84.09216878403983,2024-12-19 17:09:08,Bin Size: 4000.0 Hz
1420.916749043053,84.60602309165162,2024-12-19 17:09:08,Bin Size: 4000.0 Hz
1420.9207568708416,85.20593456105762,2024-12-19 17:09:08,Bin Size: 4000.0 Hz
1420.9247646986303,85.13323286313633,2024-12-19 17:09:08,Bin Size: 4000.0 Hz
1420.928772526419,85.12659645855501,2024-12-19 17:09:08,Bin Size: 4000.0 Hz
1420.9327803542076,85.00000546703421,2024-12-19 17:09:08,Bin Size: 4000.0 Hz
1420.9367881819962,85.35048662882282,2024-12-19 17:09:08,Bin Size: 4000.0 Hz
1420.940796009785,85.77774864617776,2024-12-19 17:09:08,Bin Size: 4000.0 Hz
1420.9448038375735,86.39098611319491,2024-12-19 17:09:08,Bin Size: 4000.0 Hz
1420.9488116653622,86.73291723911561,2024-12-19 17:09:08,Bin Size: 4000.0 Hz
1420.9528194931509,86.94637635980742,2024-12-19 17:09:08,Bin Size: 4000.0 Hz
1420.9568273209395,86.75062912021163,2024-12-19 17:09:08,Bin Size: 4000.0 Hz
1420.9608351487282,87.11898684001306,2024-12-19 17:09:08,Bin Size: 4000.0 Hz
1420.9648429765168,87.28481123792123,2024-12-19 17:09:08,Bin Size: 4000.0 Hz
1420.9688508043055,87.51336662323975,2024-12-19 17:09:08,Bin Size: 4000.0 Hz
1420.9728586320941,87.80012170288136,2024-12-19 17:09:08,Bin Size: 4000.0 Hz
1420.9768664598828,88.30167710369761,2024-12-19 17:09:08,Bin Size: 4000.0 Hz
1420.9808742876714,88.78991178272179,2024-12-19 17:09:08,Bin Size: 4000.0 Hz
1420.98488211546,88.70438664059424,2024-12-19 17:09:08,Bin Size: 4000.0 Hz
1420.9888899432488,88.8140331329355,2024-12-19 17:09:08,Bin Size: 4000.0 Hz
1420.9928977710374,89.55763611786136,2024-12-19 17:09:08,Bin Size: 4000.0 Hz
1420.996905598826,89.81071121173584,2024-12-19 17:09:08,Bin Size: 4000.0 Hz
1421.0009134266147,90.06810812050422,2024-12-19 17:09:08,Bin Size: 4000.0 Hz
1421.0049212544031,90.00357091393157,2024-12-19 17:09:08,Bin Size: 4000.0 Hz
1421.0089290821918,89.85419783968926,2024-12-19 17:09:08,Bin Size: 4000.0 Hz
1421.0129369099805,90.20256861427738,2024-12-19 17:09:08,Bin Size: 4000.0 Hz
1421.016944737769,90.23785931041722,2024-12-19 17:09:08,Bin Size: 4000.0 Hz
1421.0209525655578,90.55213392316217,2024-12-19 17:09:08,Bin Size: 4000.0 Hz
1421.0249603933464,90.65177318482918,2024-12-19 17:09:08,Bin Size: 4000.0 Hz
1421.028968221135,91.1729701764618,2024-12-19 17:09:08,Bin Size: 4000.0 Hz
1421.0329760489237,91.57276798421935,2024-12-19 17:09:08,Bin Size: 4000.0 Hz
1421.0369838767124,91.70659192921097,2024-12-19 17:09:08,Bin Size: 4000.0 Hz
1421.040991704501,91.4848081142369,2024-12-19 17:09:08,Bin Size: 4000.0 Hz
1421.0449995322897,91.34507934288872,2024-12-19 17:09:08,Bin Size: 4000.0 Hz
1421.0490073600783,91.68583484520154,2024-12-19 17:09:08,Bin Size: 4000.0 Hz
1421.053015187867,91.66527356744086,2024-12-19 17:09:08,Bin Size: 4000.0 Hz
1421.0570230156557,91.64601140209255,2024-12-19 17:09:08,Bin Size: 4000.0 Hz
1421.0610308434443,91.68543390470572,2024-12-19 17:09:08,Bin Size: 4000.0 Hz
1421.065038671233,92.10510713495644,2024-12-19 17:09:08,Bin Size: 4000.0 Hz
1421.0690464990216,92.43510046632113,2024-12-19 17:09:08,Bin Size: 4000.0 Hz
1421.0730543268103,92.25331318023972,2024-12-19 17:09:08,Bin Size: 4000.0 Hz
1421.077062154599,92.0763498997364,2024-12-19 17:09:08,Bin Size: 4000.0 Hz
1421.0810699823876,92.10458085143365,2024-12-19 17:09:08,Bin Size: 4000.0 Hz
1421.0850778101762,91.76877157120215,2024-12-19 17:09:08,Bin Size: 4000.0 Hz
1421.089085637965,91.80719638708311,2024-12-19 17:09:08,Bin Size: 4000.0 Hz
1421.0930934657536,92.24001181661308,2024-12-19 17:09:08,Bin Size: 4000.0 Hz
1421.0971012935422,91.9829232121923,2024-12-19 17:09:08,Bin Size: 4000.0 Hz
1421.1011091213309,91.78623675167019,2024-12-19 17:09:08,Bin Size: 4000.0 Hz
1421.1051169491195,91.99893648838128,2024-12-19 17:09:08,Bin Size: 4000.0 Hz
1421.1091247769082,92.19167377982204,2024-12-19 17:09:08,Bin Size: 4000.0 Hz
1421.1131326046968,91.59386005751615,2024-12-19 17:09:08,Bin Size: 4000.0 Hz
1421.1171404324855,91.48449437638465,2024-12-19 17:09:08,Bin Size: 4000.0 Hz
1421.1211482602741,91.1118414486521,2024-12-19 17:09:08,Bin Size: 4000.0 Hz
1421.1251560880628,91.47210561784742,2024-12-19 17:09:08,Bin Size: 4000.0 Hz
1421.1291639158514,91.2573759791546,2024-12-19 17:09:08,Bin Size: 4000.0 Hz
1421.13317174364,90.59944725284987,2024-12-19 17:09:08,Bin Size: 4000.0 Hz
1421.1371795714288,90.34895496459691,2024-12-19 17:09:08,Bin Size: 4000.0 Hz
1421.1411873992174,90.59532290275025,2024-12-19 17:09:08,Bin Size: 4000.0 Hz
1421.145195227006,90.28878901351848,2024-12-19 17:09:08,Bin Size: 4000.0 Hz
1421.1492030547947,89.66054490283939,2024-12-19 17:09:08,Bin Size: 4000.0 Hz
1421.1532108825834,89.17151416483215,2024-12-19 17:09:08,Bin Size: 4000.0 Hz
1421.157218710372,89.11609639127809,2024-12-19 17:09:08,Bin Size: 4000.0 Hz
1421.1612265381607,88.7959669472134,2024-12-19 17:09:08,Bin Size: 4000.0 Hz
1421.1652343659493,87.9144035597916,2024-12-19 17:09:08,Bin Size: 4000.0 Hz
1421.169242193738,87.67465070672061,2024-12-19 17:09:08,Bin Size: 4000.0 Hz
1421.1732500215267,87.6356096767374,2024-12-19 17:09:08,Bin Size: 4000.0 Hz
1421.177257849315,87.1043413709066,2024-12-19 17:09:08,Bin Size: 4000.0 Hz
1421.1812656771037,86.33759453499934,2024-12-19 17:09:08,Bin Size: 4000.0 Hz
1421.1852735048924,85.78893199252609,2024-12-19 17:09:08,Bin Size: 4000.0 Hz
1421.189281332681,85.49676213189795,2024-12-19 17:09:08,Bin Size: 4000.0 Hz
1421.1932891604697,85.02718557384684,2024-12-19 17:09:08,Bin Size: 4000.0 Hz
1421.1972969882584,84.40036558386082,2024-12-19 17:09:08,Bin Size: 4000.0 Hz
1421.201304816047,83.94161811421186,2024-12-19 17:09:08,Bin Size: 4000.0 Hz
1421.2053126438357,83.4607597608341,2024-12-19 17:09:08,Bin Size: 4000.0 Hz
1421.2093204716243,83.31684681142471,2024-12-19 17:09:08,Bin Size: 4000.0 Hz
1421.213328299413,82.61950721013798,2024-12-19 17:09:08,Bin Size: 4000.0 Hz
1421.2173361272016,81.98424533003703,2024-12-19 17:09:08,Bin Size: 4000.0 Hz
1421.2213439549903,81.49718624630938,2024-12-19 17:09:08,Bin Size: 4000.0 Hz
1421.225351782779,80.81928033449556,2024-12-19 17:09:08,Bin Size: 4000.0 Hz
1421.2293596105676,79.98170289019373,2024-12-19 17:09:08,Bin Size: 4000.0 Hz
1421.2333674383563,79.12985772921778,2024-12-19 17:09:08,Bin Size: 4000.0 Hz
1421.237375266145,78.87372270845404,2024-12-19 17:09:08,Bin Size: 4000.0 Hz
1421.2413830939336,78.10996089558479,2024-12-19 17:09:08,Bin Size: 4000.0 Hz
1421.2453909217222,77.2135840147547,2024-12-19 17:09:08,Bin Size: 4000.0 Hz
1421.2493987495109,76.4542133045745,2024-12-19 17:09:08,Bin Size: 4000.0 Hz
1421.2534065772995,75.6530157743349,2024-12-19 17:09:08,Bin Size: 4000.0 Hz
1421.2574144050882,74.96991239796662,2024-12-19 17:09:08,Bin Size: 4000.0 Hz
1421.2614222328768,74.41849241604073,2024-12-19 17:09:08,Bin Size: 4000.0 Hz
1421.2654300606655,73.8284217045649,2024-12-19 17:09:08,Bin Size: 4000.0 Hz
1421.2694378884541,73.04331522428299,2024-12-19 17:09:08,Bin Size: 4000.0 Hz
1421.2734457162428,72.17736485308869,2024-12-19 17:09:08,Bin Size: 4000.0 Hz
1421.2774535440315,71.7070275021461,2024-12-19 17:09:08,Bin Size: 4000.0 Hz
1421.2814613718201,71.63120734447322,2024-12-19 17:09:08,Bin Size: 4000.0 Hz
1421.2854691996088,70.32685718064255,2024-12-19 17:09:08,Bin Size: 4000.0 Hz
1421.2894770273974,69.15476134464846,2024-12-19 17:09:08,Bin Size: 4000.0 Hz
1421.293484855186,68.65412125138617,2024-12-19 17:09:08,Bin Size: 4000.0 Hz
1421.2974926829747,67.85093178819132,2024-12-19 17:09:08,Bin Size: 4000.0 Hz
1421.3015005107634,66.95068192340524,2024-12-19 17:09:08,Bin Size: 4000.0 Hz
1421.305508338552,66.16361588457801,2024-12-19 17:09:08,Bin Size: 4000.0 Hz
1421.3095161663407,65.42785798749557,2024-12-19 17:09:08,Bin Size: 4000.0 Hz
1421.3135239941294,64.62148904304946,2024-12-19 17:09:08,Bin Size: 4000.0 Hz
1421.317531821918,63.67072688453039,2024-12-19 17:09:08,Bin Size: 4000.0 Hz
1421.3215396497067,62.96099950456538,2024-12-19 17:09:08,Bin Size: 4000.0 Hz
1421.3255474774953,62.13843581617133,2024-12-19 17:09:08,Bin Size: 4000.0 Hz
1421.329555305284,61.31860844779672,2024-12-19 17:09:08,Bin Size: 4000.0 Hz
1421.3335631330726,60.73017718199676,2024-12-19 17:09:08,Bin Size: 4000.0 Hz
1421.3375709608613,60.171380766851534,2024-12-19 17:09:08,Bin Size: 4000.0 Hz
1421.34157878865,59.41421018391362,2024-12-19 17:09:08,Bin Size: 4000.0 Hz
1421.3455866164384,59.215920323525076,2024-12-19 17:09:08,Bin Size: 4000.0 Hz
1421.349594444227,59.026297788250254,2024-12-19 17:09:08,Bin Size: 4000.0 Hz
1421.3536022720157,57.45846301004899,2024-12-19 17:09:08,Bin Size: 4000.0 Hz
1421.3576100998043,56.44338770847291,2024-12-19 17:09:08,Bin Size: 4000.0 Hz
1421.361617927593,55.343820686257345,2024-12-19 17:09:08,Bin Size: 4000.0 Hz
1421.3656257553816,54.59890741761647,2024-12-19 17:09:08,Bin Size: 4000.0 Hz
1421.3696335831703,53.791376199260206,2024-12-19 17:09:08,Bin Size: 4000.0 Hz
1421.373641410959,52.85752798029743,2024-12-19 17:09:08,Bin Size: 4000.0 Hz
1421.3776492387476,52.12851625783462,2024-12-19 17:09:08,Bin Size: 4000.0 Hz
1421.3816570665363,51.375230714533586,2024-12-19 17:09:08,Bin Size: 4000.0 Hz
1421.385664894325,50.37613635858,2024-12-19 17:09:08,Bin Size: 4000.0 Hz
1421.3896727221136,49.63641423716616,2024-12-19 17:09:08,Bin Size: 4000.0 Hz
1421.3936805499022,49.041901362156764,2024-12-19 17:09:08,Bin Size: 4000.0 Hz
1421.3976883776909,48.24825154713187,2024-12-19 17:09:08,Bin Size: 4000.0 Hz
1421.4016962054795,47.46145475608478,2024-12-19 17:09:08,Bin Size: 4000.0 Hz
1421.4057040332682,46.76275280646894,2024-12-19 17:09:08,Bin Size: 4000.0 Hz
1421.4097118610568,46.07344246410122,2024-12-19 17:09:08,Bin Size: 4000.0 Hz
1421.4137196888455,45.51871999567556,2024-12-19 17:09:08,Bin Size: 4000.0 Hz
1421.4177275166342,44.91679283468751,2024-12-19 17:09:08,Bin Size: 4000.0 Hz
1421.4217353444228,44.107850452430476,2024-12-19 17:09:08,Bin Size: 4000.0 Hz
1421.4257431722115,43.52398687343559,2024-12-19 17:09:08,Bin Size: 4000.0 Hz
1421.4297510000001,42.856744290600716,2024-12-19 17:09:08,Bin Size: 4000.0 Hz
